{
  "description": "Double Jump",
  "exclusive_set": [
    "minecraft:feather_falling",
    "minecraft:depth_strider",
    "minecraft:soul_speed"
  ],
  "supported_items": [
    "minecraft:netherite_boots",
    "minecraft:diamond_boots",
    "minecraft:iron_boots",
    "minecraft:golden_boots",
    "minecraft:leather_boots",
    "minecraft:chainmail_boots"
  ],
  "primary_items": [
    "minecraft:netherite_boots",
    "minecraft:diamond_boots",
    "minecraft:iron_boots",
    "minecraft:golden_boots",
    "minecraft:leather_boots",
    "minecraft:chainmail_boots"
  ],
  "weight": 3,
  "max_level": 3,
  "min_cost": {
    "base": 3,
    "per_level_above_first": 5
  },
  "max_cost": {
    "base": 10,
    "per_level_above_first": 5
  },
  "anvil_cost": 0,
  "slots": [
    "feet"
  ],
  "effects": {
    "minecraft:tick": [
      {
        "requirements": {
          "condition": "minecraft:entity_properties",
          "entity": "this",
          "predicate": {
            "type_specific": {
              "type": "minecraft:player",
              "input": {
                "jump": true
              }
            },
            "flags": {
              "is_on_ground": false
            }
          }
        },
        "effect": {
          "type": "minecraft:run_function",
          "function": "movement_enchants:doublejump"
        }
      },
      {
        "requirements": {
          "condition": "minecraft:entity_properties",
          "entity": "this",
          "predicate": {
            "type_specific": {
              "type": "minecraft:player",
              "input": {
                "jump": true
              }
            },
            "flags": {
              "is_on_ground": true
            }
          }
        },
        "effect": {
          "type": "minecraft:run_function",
          "function": "movement_enchants:jumpcd"
        }
      }
    ]
  }
}