{
  "description": "Propeller",
  "supported_items": [
    "minecraft:netherite_helmet",
    "minecraft:diamond_helmet",
    "minecraft:iron_helmet",
    "minecraft:golden_helmet",
    "minecraft:leather_helmet",
    "minecraft:chainmail_helmet",
    "minecraft:turtle_helmet"
  ],
  "primary_items": [
    "minecraft:netherite_helmet",
    "minecraft:diamond_helmet",
    "minecraft:iron_helmet",
    "minecraft:golden_helmet",
    "minecraft:leather_helmet",
    "minecraft:chainmail_helmet",
    "minecraft:turtle_helmet"
  ],
  "weight": 3,
  "max_level": 1,
  "min_cost": {
    "base": 5,
    "per_level_above_first": 0
  },
  "max_cost": {
    "base": 15,
    "per_level_above_first": 0
  },
  "anvil_cost": 2,
  "slots": [
    "head"
  ],
  "effects": {
    "minecraft:tick": [
      {
        "requirements": [
          {
            "condition": "minecraft:entity_properties",
            "entity": "this",
            "predicate": {
              "movement": {
                "y": {
                  "max": -15
                }
              }
            },
            "": ""
          }
        ],
        "effect": {
          "type": "minecraft:apply_mob_effect",
          "to_apply": "minecraft:slow_falling",
          "min_duration": 0.1,
          "max_duration": 0.1,
          "min_amplifier": 1,
          "max_amplifier": 1
        }
      },
      {
        "requirements": {
          "condition": "minecraft:entity_properties",
          "entity": "this",
          "predicate": {
            "flags": {
              "is_sneaking": true
            },
            "movement": {
              "horizontal_speed": {
                "min": 0,
                "max": 1
              }
            }
          }
        },
        "effect": {
          "type": "minecraft:apply_mob_effect",
          "to_apply": "minecraft:levitation",
          "min_duration": 0.1,
          "max_duration": 0.1,
          "min_amplifier": 0,
          "max_amplifier": 0
        }
      },
      {
        "requirements": [
          {
            "condition": "minecraft:entity_properties",
            "entity": "this",
            "predicate": {
              "movement": {
                "y": {
                  "max": -10
                }
              }
            },
            "": ""
          }
        ],
      "effect": {
        "type": "minecraft:play_sound",
        "sound": "minecraft:block.bamboo.place",
        "volume": 0.25,
        "pitch": 0.1
      }
      },
      {
        "requirements": {
          "condition": "minecraft:entity_properties",
          "entity": "this",
          "predicate": {
            "flags": {
              "is_sneaking": true
            },
            "movement": {
              "horizontal_speed": {
                "min": 0,
                "max": 1
              }
            }
          }
        },
        "effect": {
          "type": "minecraft:play_sound",
          "sound": "minecraft:block.bamboo.place",
          "volume": 0.25,
          "pitch": 0.1
        }
      }
    ]
  }
}