{
    "description": "Strafe",
    "supported_items": "#minecraft:chest_armor",
    "primary_items": "#minecraft:chest_armor",
    "weight": 3,
    "max_level": 1,
    "min_cost": {
      "base": 5,
      "per_level_above_first": 0
    },
    "max_cost": {
      "base": 15,
      "per_level_above_first": 0
    },
    "anvil_cost": 0,
    "slots": [
      "chest"
    ],
    "effects": {
      "minecraft:tick": [
        {
          "requirements": {
            "condition": "minecraft:entity_properties",
            "entity": "this",
            "predicate": {
              "type_specific": {
                "type": "minecraft:player",
                "input": {
                  "backward": true
                }
              }
            }
          },
          "effect": {
            "type": "minecraft:run_function",
            "function": "movement_enchants:strafe_s"
          }
        },
        {
          "requirements": {
            "condition": "minecraft:entity_properties",
            "entity": "this",
            "predicate": {
              "type_specific": {
                "type": "minecraft:player",
                "input": {
                  "left": true
                }
              }
            }
          },
          "effect": {
            "type": "minecraft:run_function",
            "function": "movement_enchants:strafe_a"
          }
        },
        {
          "requirements": {
            "condition": "minecraft:entity_properties",
            "entity": "this",
            "predicate": {
              "type_specific": {
                "type": "minecraft:player",
                "input": {
                  "right": true
                }
              }
            }
          },
          "effect": {
            "type": "minecraft:run_function",
            "function": "movement_enchants:strafe_d"
          }
        },
        {
          "effect": {
            "type": "minecraft:run_function",
            "function": "movement_enchants:strafetick"
          }
        }
      ]
    }
  }